iter	MultiClass
0	0.7284299855
1	0.4623725718
2	0.8040304071
3	0.5390463882
4	0.8640615025
5	0.5870722628
